patient_id,age,sex,weight_kg,height_cm,systolic_bp,diastolic_bp,hba1c,total_cholesterol,hdl,ldl,triglycerides,smoking_status,physical_activity_level,medication_compliance,diet_score,stress_level,follow_up_months,bmi,future_hba1c
P0001,63,Female,57.0,175.3,143.0,80.0,6.48,196.0,53.0,97.0,171.0,Current,High,Low,5.2,2,3,18.5,6.75
P0002,76,Male,72.2,146.9,131.0,91.0,5.93,195.0,58.0,190.0,157.0,Never,Low,High,6.5,3,12,33.5,6.46
P0003,53,Male,49.5,145.9,117.0,70.0,6.24,171.0,44.0,132.0,224.0,Current,Low,High,10.0,4,12,23.3,6.6
P0004,39,Female,58.4,168.6,134.0,84.0,6.1,217.0,52.0,139.0,181.0,Former,Low,Low,10.0,0,12,20.5,6.69
P0005,67,Male,83.2,170.7,132.0,93.0,8.9,255.0,38.0,110.0,265.0,Current,Moderate,High,7.2,3,3,28.6,8.94
P0006,32,Male,66.4,174.7,139.0,86.0,6.48,207.0,51.0,122.0,155.0,Current,Moderate,Medium,5.6,10,6,21.8,6.73
P0007,45,Male,88.1,172.4,117.0,89.0,7.02,205.0,51.0,119.0,145.0,Never,Moderate,Medium,7.1,7,6,29.6,7.02
P0008,63,Male,78.1,179.8,124.0,83.0,8.28,172.0,67.0,116.0,141.0,Former,Low,Low,7.8,9,3,24.2,9.04
P0009,43,Female,111.0,172.0,138.0,96.0,5.62,242.0,48.0,146.0,128.0,Former,High,Medium,5.4,6,3,37.5,5.67
P0010,47,Male,71.4,163.7,149.0,84.0,6.54,198.0,51.0,119.0,40.0,Former,Low,Low,9.6,8,6,26.6,7.21
P0011,35,Female,48.9,164.3,144.0,80.0,6.23,183.0,52.0,155.0,139.0,Former,Moderate,Low,6.5,4,6,18.1,6.55
P0012,35,Male,69.5,162.2,131.0,94.0,6.41,202.0,45.0,197.0,47.0,Current,Moderate,Medium,7.0,9,6,26.4,6.49
P0013,48,Male,55.6,168.0,123.0,71.0,6.32,214.0,42.0,123.0,173.0,Former,Low,Low,7.3,3,6,19.7,6.86
P0014,77,Male,84.7,154.0,136.0,90.0,5.77,204.0,63.0,134.0,88.0,Current,Low,Medium,6.8,7,3,35.7,6.25
P0015,60,Male,70.6,168.4,114.0,75.0,6.7,236.0,40.0,139.0,105.0,Current,Moderate,High,7.7,8,3,24.9,7.08
P0016,64,Female,67.9,164.1,118.0,98.0,5.44,212.0,37.0,175.0,117.0,Current,Moderate,High,4.8,6,12,25.2,5.8
P0017,48,Female,68.1,167.8,153.0,82.0,7.49,191.0,57.0,128.0,140.0,Former,Moderate,Low,4.9,6,6,24.2,7.94
P0018,27,Male,81.1,167.8,136.0,86.0,7.12,212.0,62.0,109.0,150.0,Never,Low,Medium,3.8,4,12,28.8,7.5
P0019,46,Male,63.2,140.5,125.0,89.0,6.01,215.0,45.0,98.0,204.0,Never,Moderate,Medium,6.9,3,3,32.0,6.3
P0020,77,Female,81.7,156.0,142.0,66.0,6.06,161.0,46.0,129.0,121.0,Former,Moderate,High,7.6,9,3,33.6,6.51
P0021,26,Male,85.7,163.9,149.0,78.0,6.78,234.0,53.0,119.0,174.0,Never,High,High,6.9,0,12,31.9,7.1
P0022,48,Male,64.9,164.4,123.0,95.0,5.7,191.0,43.0,180.0,287.0,Never,Low,Medium,9.3,9,6,24.0,6.02
P0023,68,Male,56.1,167.6,124.0,94.0,8.31,192.0,42.0,174.0,169.0,Current,High,Low,6.0,9,6,20.0,8.7
P0024,54,Female,62.3,168.0,122.0,88.0,6.86,223.0,59.0,104.0,141.0,Current,High,High,7.3,6,6,22.1,6.92
P0025,62,Female,80.7,180.2,144.0,72.0,6.89,222.0,56.0,112.0,111.0,Former,Moderate,Low,3.8,0,6,24.9,7.45
P0026,26,Female,71.4,168.1,145.0,91.0,7.18,179.0,63.0,132.0,140.0,Former,Low,Low,5.2,0,12,25.3,7.6
P0027,45,Male,79.5,161.9,151.0,92.0,5.92,224.0,37.0,165.0,106.0,Never,Moderate,High,7.4,4,12,30.3,6.31
P0028,57,Male,96.4,149.0,145.0,85.0,7.59,183.0,45.0,131.0,163.0,Current,Low,Low,7.7,8,3,43.4,8.53
P0029,36,Female,73.5,151.3,106.0,97.0,6.61,255.0,53.0,114.0,155.0,Former,High,Low,5.4,5,6,32.1,7.24
P0030,46,Female,57.9,170.4,134.0,78.0,7.45,175.0,41.0,129.0,42.0,Former,Low,Medium,5.9,2,6,19.9,7.73
P0031,68,Female,85.9,175.6,114.0,80.0,6.3,207.0,56.0,114.0,149.0,Former,Moderate,Low,3.0,2,6,27.9,6.8
P0032,49,Female,70.8,180.4,122.0,60.0,7.82,177.0,62.0,145.0,204.0,Former,Moderate,Medium,5.3,6,12,21.8,7.87
P0033,73,Male,83.1,156.7,133.0,94.0,6.9,267.0,44.0,112.0,130.0,Former,Moderate,High,7.8,5,6,33.8,7.15
P0034,51,Female,86.0,162.0,143.0,88.0,8.68,163.0,50.0,117.0,117.0,Former,Low,High,7.2,8,12,32.8,9.36
P0035,66,Male,55.6,167.4,117.0,68.0,6.13,216.0,65.0,159.0,81.0,Never,High,Medium,7.0,5,6,19.8,6.11
P0036,52,Female,90.7,185.5,95.0,67.0,6.7,178.0,68.0,111.0,57.0,Current,High,High,6.1,4,6,26.4,6.63
P0037,40,Male,83.6,166.1,133.0,76.0,5.47,189.0,57.0,94.0,192.0,Current,Low,Low,6.0,9,3,30.3,6.45
P0038,39,Female,60.9,180.5,170.0,93.0,5.97,214.0,56.0,132.0,141.0,Former,Moderate,Low,4.7,6,6,18.7,6.32
P0039,71,Female,74.6,166.7,127.0,82.0,7.12,237.0,41.0,121.0,189.0,Current,High,Low,7.4,0,6,26.8,7.37
P0040,75,Female,73.9,176.5,131.0,77.0,7.63,249.0,54.0,143.0,227.0,Current,Moderate,High,6.8,6,3,23.7,7.6
P0041,68,Female,70.4,175.3,157.0,75.0,9.47,154.0,56.0,138.0,196.0,Current,Low,Low,7.0,2,12,22.9,9.94
P0042,79,Male,83.1,166.7,139.0,74.0,6.4,208.0,48.0,129.0,123.0,Former,Moderate,High,4.9,8,12,29.9,6.78
P0043,76,Female,91.6,154.8,133.0,66.0,5.57,244.0,44.0,128.0,157.0,Former,High,Low,1.7,5,6,38.2,6.36
P0044,27,Male,70.1,162.3,137.0,73.0,7.25,149.0,37.0,112.0,119.0,Current,High,Medium,8.2,8,12,26.6,7.5
P0045,61,Male,90.0,179.9,134.0,74.0,5.37,209.0,33.0,132.0,115.0,Current,Moderate,High,5.0,4,6,27.8,5.46
P0046,75,Male,84.8,173.8,113.0,92.0,7.06,200.0,31.0,152.0,167.0,Former,Low,High,4.3,6,3,28.1,7.4
P0047,31,Male,73.5,160.7,110.0,83.0,6.0,212.0,56.0,106.0,108.0,Never,Moderate,Low,7.4,3,3,28.5,6.18
P0048,45,Female,72.6,161.6,158.0,77.0,6.71,177.0,51.0,130.0,40.0,Current,Low,High,5.2,6,6,27.8,6.81
P0049,33,Male,52.7,147.7,133.0,108.0,7.59,157.0,45.0,156.0,106.0,Never,Moderate,High,8.1,0,3,24.2,7.54
P0050,63,Male,47.5,179.4,132.0,78.0,6.39,143.0,47.0,143.0,135.0,Current,High,Medium,7.2,6,3,14.8,6.35
P0051,42,Male,72.5,173.9,129.0,97.0,7.43,229.0,52.0,163.0,226.0,Never,Low,Medium,7.4,7,6,24.0,7.55
P0052,28,Female,57.2,163.6,142.0,101.0,7.37,233.0,48.0,116.0,125.0,Never,Low,Low,3.3,4,6,21.4,7.94
P0053,49,Female,69.4,167.0,168.0,69.0,4.64,209.0,37.0,84.0,176.0,Never,Low,Medium,8.4,1,3,24.9,4.79
P0054,38,Female,62.0,143.3,138.0,86.0,5.6,184.0,59.0,135.0,142.0,Former,High,Low,6.5,4,12,30.2,6.22
P0055,74,Female,43.2,160.1,121.0,80.0,4.94,151.0,53.0,139.0,211.0,Never,Moderate,Low,5.3,5,12,16.9,5.3
P0056,33,Male,75.4,178.3,128.0,79.0,8.5,217.0,53.0,164.0,208.0,Never,High,Low,6.3,1,6,23.7,8.74
P0057,50,Male,63.8,174.8,146.0,91.0,6.39,167.0,58.0,160.0,209.0,Never,Low,High,2.4,5,6,20.9,6.75
P0058,77,Female,71.2,168.3,121.0,79.0,8.28,179.0,42.0,143.0,63.0,Current,Moderate,Medium,6.8,5,12,25.1,8.19
P0059,26,Male,56.6,164.9,143.0,80.0,4.87,182.0,62.0,149.0,160.0,Never,High,Low,3.9,0,3,20.8,5.37
P0060,44,Male,65.0,173.0,95.0,83.0,5.93,194.0,49.0,125.0,188.0,Current,Low,Medium,3.3,0,12,21.7,6.25
P0061,52,Male,93.4,162.2,127.0,81.0,7.3,177.0,59.0,100.0,169.0,Never,Low,Low,3.0,10,12,35.5,8.56
P0062,71,Female,71.9,148.4,139.0,73.0,6.68,201.0,57.0,133.0,182.0,Never,High,Medium,8.2,9,12,32.6,7.0
P0063,31,Female,78.2,164.9,149.0,93.0,7.03,181.0,40.0,155.0,153.0,Former,High,Medium,4.7,2,12,28.8,7.19
P0064,68,Male,50.9,169.0,118.0,95.0,5.25,221.0,55.0,146.0,113.0,Current,High,Low,9.1,9,6,17.8,5.78
P0065,32,Female,105.8,176.2,107.0,88.0,7.88,231.0,53.0,151.0,65.0,Never,Low,High,4.9,9,6,34.1,8.8
P0066,71,Female,97.7,150.6,126.0,81.0,7.28,203.0,50.0,119.0,118.0,Current,High,Medium,2.6,2,3,43.1,8.05
P0067,59,Female,90.5,163.8,113.0,78.0,6.9,214.0,49.0,123.0,284.0,Current,Low,High,3.8,3,3,33.7,7.63
P0068,38,Female,82.4,164.2,128.0,78.0,5.81,264.0,49.0,142.0,126.0,Former,High,High,8.5,1,3,30.6,6.01
P0069,41,Female,70.2,154.0,130.0,109.0,6.82,165.0,58.0,116.0,52.0,Former,Low,Low,5.7,8,3,29.6,7.51
P0070,60,Male,76.6,169.9,110.0,94.0,6.21,163.0,56.0,117.0,187.0,Former,Low,Low,4.9,9,12,26.5,6.93
P0071,74,Female,85.7,172.5,142.0,77.0,4.85,221.0,50.0,137.0,193.0,Former,Moderate,Low,6.3,10,6,28.8,5.34
P0072,64,Male,60.6,162.1,128.0,87.0,6.45,258.0,35.0,149.0,214.0,Former,High,Medium,7.0,6,6,23.1,6.37
P0073,28,Male,63.3,185.6,146.0,81.0,6.34,192.0,55.0,125.0,174.0,Former,High,Low,8.2,6,3,18.4,6.73
P0074,26,Female,45.0,161.8,102.0,91.0,7.56,252.0,57.0,101.0,192.0,Former,Low,Low,8.9,5,3,17.2,8.01
P0075,30,Male,58.4,160.5,115.0,90.0,4.27,203.0,73.0,112.0,242.0,Former,Low,Medium,5.3,2,12,22.7,4.46
P0076,78,Male,94.9,160.2,138.0,96.0,6.74,180.0,61.0,135.0,113.0,Never,Low,Medium,3.3,5,12,37.0,7.38
P0077,66,Male,65.0,156.8,118.0,76.0,5.34,170.0,31.0,135.0,103.0,Current,Moderate,Low,5.2,7,3,26.4,5.81
P0078,28,Female,65.2,159.4,128.0,86.0,6.82,219.0,51.0,136.0,95.0,Former,Moderate,Low,6.5,7,6,25.7,7.09
P0079,78,Female,74.8,150.7,130.0,68.0,6.87,173.0,68.0,143.0,137.0,Former,Low,Low,4.1,10,6,32.9,8.25
P0080,53,Male,45.8,163.1,132.0,72.0,6.41,202.0,56.0,130.0,222.0,Current,High,Low,4.1,8,6,17.2,7.19
P0081,42,Female,84.2,165.6,120.0,94.0,7.31,248.0,53.0,137.0,176.0,Never,High,High,6.7,0,3,30.7,7.66
P0082,50,Female,89.0,142.2,132.0,75.0,5.25,191.0,59.0,129.0,174.0,Current,Moderate,High,5.9,0,6,44.0,5.59
P0083,68,Female,75.7,164.0,118.0,77.0,7.61,239.0,44.0,159.0,59.0,Current,Moderate,Low,6.1,2,12,28.1,7.95
P0084,58,Female,94.8,165.4,140.0,85.0,5.79,164.0,55.0,166.0,115.0,Former,Low,High,4.5,2,12,34.7,6.3
P0085,34,Male,50.1,170.1,128.0,92.0,4.94,184.0,47.0,100.0,58.0,Current,High,Medium,5.5,9,3,17.3,5.11
P0086,60,Male,97.7,177.0,132.0,74.0,6.23,158.0,50.0,124.0,209.0,Current,Low,High,4.2,7,12,31.2,7.01
P0087,38,Female,59.0,173.5,169.0,50.0,4.4,202.0,58.0,131.0,229.0,Former,Moderate,High,7.8,9,3,19.6,4.6
P0088,55,Female,50.8,158.8,113.0,76.0,6.75,223.0,41.0,123.0,189.0,Former,High,Low,8.1,0,6,20.1,6.91
P0089,72,Male,66.4,157.6,151.0,97.0,6.24,202.0,63.0,175.0,101.0,Former,High,High,2.3,1,6,26.7,6.43
P0090,39,Male,98.1,170.8,90.0,88.0,7.73,237.0,46.0,136.0,224.0,Former,Moderate,High,4.1,1,6,33.6,8.4
P0091,32,Female,69.7,159.5,99.0,98.0,7.15,178.0,53.0,110.0,137.0,Current,Low,High,3.0,2,12,27.4,7.67
P0092,38,Male,56.0,152.7,111.0,74.0,5.11,207.0,36.0,145.0,89.0,Current,Low,High,4.7,5,3,24.0,5.5
P0093,47,Female,50.6,188.7,112.0,69.0,5.66,184.0,57.0,137.0,102.0,Never,High,Medium,5.8,0,6,14.2,5.76
P0094,64,Female,68.4,161.9,133.0,90.0,7.02,211.0,64.0,138.0,128.0,Never,Moderate,Low,3.1,1,3,26.1,7.48
P0095,45,Male,40.1,158.7,134.0,87.0,7.35,215.0,45.0,175.0,152.0,Current,High,Low,4.2,0,6,15.9,7.68
P0096,40,Male,50.5,143.1,126.0,88.0,7.72,217.0,39.0,139.0,142.0,Never,Moderate,Medium,4.0,4,12,24.7,7.83
P0097,69,Female,93.1,173.5,128.0,94.0,7.71,168.0,53.0,122.0,79.0,Current,Low,High,6.4,6,12,30.9,8.37
P0098,42,Female,89.8,155.1,138.0,89.0,6.41,173.0,65.0,81.0,211.0,Never,Moderate,Medium,6.1,7,3,37.3,6.68
P0099,71,Male,68.1,165.3,142.0,89.0,6.86,179.0,36.0,126.0,142.0,Former,Low,High,4.6,9,12,24.9,7.44
P0100,77,Female,63.0,174.7,110.0,92.0,7.8,193.0,39.0,163.0,114.0,Never,Moderate,Medium,6.4,0,12,20.6,7.77
P0101,48,Male,70.9,155.3,125.0,90.0,6.2,203.0,45.0,128.0,206.0,Former,High,Low,4.9,6,3,29.4,6.89
P0102,50,Female,105.2,165.8,129.0,94.0,6.88,221.0,42.0,74.0,91.0,Former,Low,Low,5.5,4,6,38.3,7.84
P0103,49,Male,76.1,180.2,137.0,95.0,6.17,175.0,42.0,118.0,69.0,Former,High,Low,9.3,9,12,23.4,6.89
P0104,69,Male,83.6,140.4,118.0,100.0,5.95,152.0,29.0,155.0,214.0,Former,High,High,8.7,0,3,42.4,6.23
P0105,65,Male,67.0,156.9,129.0,79.0,6.55,265.0,56.0,144.0,245.0,Never,Low,High,3.4,2,12,27.2,6.98
P0106,53,Female,70.9,156.0,130.0,90.0,5.81,166.0,53.0,109.0,127.0,Current,Low,Medium,7.7,6,12,29.1,5.86
P0107,39,Female,79.7,163.1,119.0,81.0,6.37,225.0,33.0,116.0,148.0,Former,High,Medium,7.6,9,12,30.0,6.72
P0108,69,Male,71.9,164.5,119.0,77.0,5.47,201.0,65.0,120.0,93.0,Never,High,Low,3.7,0,12,26.6,5.85
P0109,25,Female,41.5,154.4,131.0,78.0,6.31,208.0,67.0,113.0,150.0,Former,High,High,7.6,6,3,17.4,6.33
P0110,49,Male,89.2,158.5,128.0,90.0,6.95,200.0,42.0,79.0,126.0,Never,High,Medium,9.1,4,3,35.5,7.14
P0111,31,Male,60.8,157.3,138.0,89.0,5.91,188.0,62.0,149.0,145.0,Never,Low,High,3.8,0,3,24.6,6.25
P0112,33,Female,101.7,161.5,114.0,89.0,6.51,214.0,44.0,161.0,170.0,Never,Low,High,4.2,0,12,39.0,7.13
P0113,48,Female,80.3,167.2,125.0,83.0,6.64,187.0,52.0,92.0,95.0,Current,High,Low,8.0,0,12,28.7,6.88
P0114,25,Male,71.1,174.1,127.0,85.0,6.95,235.0,42.0,161.0,132.0,Never,Moderate,Low,6.5,10,12,23.5,7.4
P0115,68,Female,76.6,175.6,142.0,93.0,6.37,217.0,72.0,127.0,60.0,Never,Moderate,High,7.1,8,3,24.8,6.52
P0116,32,Female,68.4,171.5,116.0,70.0,7.59,218.0,47.0,161.0,132.0,Current,Low,High,6.7,10,12,23.3,8.07
P0117,48,Male,62.7,156.3,134.0,85.0,4.4,185.0,51.0,131.0,145.0,Current,High,High,6.8,2,6,25.7,4.29
P0118,35,Male,73.1,165.0,134.0,86.0,9.44,193.0,43.0,133.0,161.0,Never,High,High,3.3,4,12,26.9,9.66
P0119,75,Female,83.3,188.7,155.0,93.0,5.63,164.0,69.0,139.0,162.0,Current,Low,Low,8.1,10,6,23.4,6.45
P0120,41,Male,63.0,175.1,115.0,71.0,6.9,189.0,69.0,110.0,195.0,Former,Moderate,Medium,8.3,9,12,20.5,7.05
P0121,32,Male,60.7,160.6,120.0,100.0,5.56,169.0,66.0,160.0,73.0,Former,Moderate,Low,5.5,8,3,23.5,5.99
P0122,59,Female,64.7,180.8,116.0,87.0,7.14,239.0,60.0,102.0,76.0,Current,Moderate,Medium,5.9,5,12,19.8,7.12
P0123,59,Male,84.3,161.1,105.0,88.0,6.78,202.0,44.0,120.0,176.0,Current,Low,High,2.9,8,6,32.5,7.8
P0124,57,Male,91.8,158.3,156.0,81.0,5.85,205.0,58.0,143.0,48.0,Never,Moderate,Medium,7.0,7,6,36.6,6.17
P0125,29,Female,75.4,179.0,111.0,90.0,7.57,193.0,50.0,117.0,159.0,Current,Low,Low,7.1,7,12,23.5,8.02
P0126,66,Female,78.7,151.9,118.0,85.0,6.34,206.0,63.0,149.0,91.0,Never,Low,Low,5.9,0,6,34.1,7.19
P0127,63,Male,60.6,145.9,150.0,97.0,7.05,274.0,61.0,164.0,229.0,Former,High,High,8.2,8,6,28.5,7.14
P0128,65,Male,83.2,174.4,104.0,71.0,5.58,191.0,44.0,155.0,163.0,Current,Moderate,Low,5.3,5,3,27.4,5.95
P0129,52,Female,78.3,165.3,141.0,87.0,6.47,180.0,59.0,82.0,139.0,Never,Low,High,7.1,8,12,28.7,6.91
P0130,31,Female,59.3,166.3,109.0,89.0,8.5,216.0,57.0,133.0,211.0,Never,Moderate,Low,4.0,2,12,21.4,8.97
P0131,33,Female,43.2,161.4,149.0,83.0,7.46,124.0,22.0,156.0,97.0,Former,Moderate,Low,6.0,2,12,16.6,7.68
P0132,32,Female,51.7,162.6,97.0,81.0,6.81,202.0,58.0,97.0,106.0,Current,High,High,5.7,5,6,19.6,6.72
P0133,36,Male,60.0,160.4,104.0,81.0,6.05,189.0,46.0,148.0,87.0,Former,Moderate,Medium,6.5,8,12,23.3,6.3
P0134,58,Female,87.4,158.7,122.0,87.0,6.57,170.0,41.0,147.0,107.0,Never,High,Low,5.3,6,12,34.7,7.29
P0135,57,Female,93.3,161.2,145.0,67.0,6.7,215.0,42.0,100.0,153.0,Never,Low,Medium,5.7,2,3,35.9,7.14
P0136,72,Male,63.4,160.9,130.0,95.0,6.95,202.0,49.0,151.0,175.0,Current,Moderate,Low,7.7,2,3,24.5,7.3
P0137,79,Female,63.9,156.7,125.0,80.0,5.42,146.0,55.0,137.0,198.0,Never,Low,Low,5.1,1,3,26.0,5.71
P0138,47,Male,73.9,159.5,150.0,86.0,7.17,181.0,36.0,146.0,59.0,Current,Moderate,Low,2.8,8,6,29.0,7.81
P0139,48,Female,70.2,140.0,162.0,89.0,5.41,113.0,52.0,106.0,141.0,Former,Low,Low,9.5,2,12,35.8,6.21
P0140,61,Female,84.0,171.8,140.0,80.0,8.13,209.0,56.0,134.0,95.0,Current,Moderate,Medium,8.8,10,3,28.5,8.24
P0141,59,Female,62.2,168.9,121.0,84.0,5.73,208.0,69.0,87.0,140.0,Current,Moderate,Medium,3.4,4,3,21.8,5.84
P0142,68,Male,84.2,164.2,124.0,65.0,6.8,176.0,39.0,73.0,267.0,Never,Moderate,Low,7.4,8,3,31.2,7.53
P0143,64,Male,66.4,167.4,111.0,92.0,7.51,216.0,47.0,134.0,165.0,Never,Moderate,Low,5.0,7,12,23.7,7.84
P0144,46,Female,82.8,167.7,132.0,96.0,6.25,162.0,53.0,158.0,195.0,Current,Moderate,Medium,6.5,1,12,29.4,6.23
P0145,51,Male,65.9,157.8,106.0,68.0,6.84,171.0,61.0,136.0,248.0,Never,Moderate,High,6.6,2,12,26.5,6.62
P0146,59,Male,60.8,159.7,138.0,81.0,7.94,213.0,47.0,128.0,206.0,Never,Moderate,High,5.5,1,6,23.8,7.73
P0147,25,Male,98.7,170.3,160.0,73.0,7.06,179.0,62.0,125.0,128.0,Never,Moderate,Medium,4.4,7,6,34.0,7.5
P0148,59,Male,86.0,167.1,141.0,83.0,6.86,198.0,31.0,106.0,86.0,Current,Moderate,Low,4.6,5,3,30.8,7.71
P0149,61,Male,43.1,185.4,123.0,91.0,4.82,183.0,37.0,124.0,148.0,Never,Low,Low,4.2,5,12,12.5,5.25
P0150,71,Male,63.3,181.2,138.0,95.0,5.57,188.0,53.0,141.0,122.0,Current,High,High,4.3,8,3,19.3,5.92
P0151,38,Female,88.1,174.3,154.0,96.0,7.55,189.0,36.0,119.0,74.0,Never,Moderate,High,5.9,7,12,29.0,7.5
P0152,27,Female,52.1,157.4,154.0,98.0,7.07,179.0,38.0,149.0,162.0,Former,High,Medium,4.6,3,12,21.0,7.41
P0153,25,Male,81.6,159.4,115.0,83.0,7.22,209.0,45.0,135.0,163.0,Never,Moderate,High,7.4,3,12,32.1,7.48
P0154,29,Female,80.0,155.0,138.0,74.0,7.14,181.0,58.0,138.0,238.0,Never,Moderate,Medium,9.0,8,6,33.3,7.68
P0155,50,Female,59.5,167.8,128.0,84.0,7.79,200.0,31.0,152.0,132.0,Current,Low,High,4.8,0,6,21.1,8.2
P0156,79,Female,69.9,137.6,142.0,91.0,6.24,178.0,52.0,117.0,164.0,Current,Low,High,6.5,1,12,36.9,6.53
P0157,38,Female,38.6,160.4,136.0,73.0,6.62,154.0,60.0,146.0,117.0,Never,High,High,7.0,1,3,15.0,6.7
P0158,63,Male,96.6,161.9,94.0,102.0,5.47,227.0,48.0,120.0,194.0,Former,Low,Low,6.9,5,12,36.9,6.29
P0159,51,Female,65.4,149.8,125.0,94.0,5.22,215.0,46.0,138.0,144.0,Never,Low,Low,6.2,3,12,29.1,5.77
P0160,33,Female,82.1,173.0,133.0,83.0,4.86,269.0,54.0,114.0,91.0,Never,High,Low,7.5,10,3,27.4,5.75
P0161,39,Male,79.2,153.6,108.0,78.0,5.61,169.0,48.0,107.0,149.0,Former,Low,High,7.0,9,12,33.6,6.1
P0162,39,Male,90.4,167.7,139.0,78.0,8.05,194.0,64.0,132.0,170.0,Current,Moderate,Medium,3.5,2,3,32.1,8.72
P0163,50,Female,63.5,192.8,107.0,86.0,4.95,196.0,39.0,83.0,163.0,Never,High,Medium,7.7,2,6,17.1,4.92
P0164,66,Female,73.1,148.9,118.0,83.0,6.2,230.0,49.0,123.0,202.0,Current,High,Medium,7.8,2,6,33.0,6.53
P0165,37,Female,78.4,163.5,150.0,95.0,5.21,185.0,52.0,90.0,78.0,Current,Moderate,Medium,4.5,5,3,29.3,5.41
P0166,75,Female,83.1,160.9,117.0,82.0,5.9,165.0,46.0,149.0,108.0,Former,Low,Low,6.1,7,6,32.1,6.66
P0167,56,Female,87.3,159.0,139.0,90.0,6.67,236.0,21.0,156.0,182.0,Former,High,Low,7.4,10,6,34.5,7.41
P0168,63,Female,62.8,172.6,104.0,85.0,5.8,191.0,48.0,108.0,114.0,Current,High,High,5.6,6,3,21.1,5.83
P0169,73,Male,60.0,176.1,161.0,88.0,7.59,226.0,59.0,141.0,162.0,Never,Moderate,High,8.1,3,6,19.3,7.44
P0170,76,Female,90.4,172.7,125.0,83.0,8.03,223.0,58.0,152.0,29.0,Current,Moderate,Medium,10.0,10,12,30.3,8.61
P0171,56,Female,39.4,157.8,131.0,92.0,4.25,199.0,54.0,153.0,286.0,Never,Low,Low,4.4,3,12,15.8,4.91
P0172,28,Male,93.6,189.3,133.0,92.0,5.82,195.0,39.0,135.0,137.0,Never,High,Medium,3.2,10,3,26.1,6.11
P0173,54,Male,65.5,147.3,139.0,90.0,6.56,188.0,54.0,148.0,210.0,Former,Low,High,6.6,9,6,30.2,7.21
P0174,61,Male,69.9,154.7,107.0,91.0,7.63,200.0,44.0,114.0,133.0,Never,Low,High,7.4,10,12,29.2,8.16
P0175,47,Male,59.8,166.7,130.0,76.0,6.05,226.0,54.0,132.0,171.0,Never,Moderate,Medium,5.5,10,12,21.5,6.2
P0176,63,Female,69.3,165.9,120.0,88.0,6.48,176.0,51.0,118.0,225.0,Current,High,High,8.9,10,6,25.2,6.72
P0177,69,Female,89.1,169.9,105.0,97.0,5.34,203.0,40.0,112.0,208.0,Former,High,Medium,3.3,1,6,30.9,5.77
P0178,39,Female,81.6,180.8,145.0,90.0,4.97,166.0,41.0,131.0,140.0,Never,High,Low,7.4,0,12,25.0,5.35
P0179,67,Female,77.4,163.8,125.0,75.0,7.95,170.0,54.0,139.0,143.0,Never,Moderate,Medium,4.8,8,12,28.8,8.42
P0180,53,Female,71.3,166.1,134.0,85.0,4.68,199.0,48.0,159.0,200.0,Former,Moderate,Low,9.4,1,3,25.8,5.16
P0181,60,Female,48.3,159.1,133.0,89.0,8.83,141.0,42.0,137.0,267.0,Current,Moderate,Low,10.0,7,3,19.1,9.11
P0182,37,Male,57.3,170.9,125.0,77.0,7.23,262.0,41.0,146.0,160.0,Former,Moderate,High,4.5,8,12,19.6,7.7
P0183,56,Female,64.9,161.8,160.0,71.0,7.18,164.0,47.0,146.0,248.0,Former,Moderate,High,4.9,3,3,24.8,7.39
P0184,31,Male,76.9,161.8,129.0,82.0,7.08,199.0,66.0,197.0,138.0,Never,High,High,7.7,7,12,29.4,7.21
P0185,75,Male,71.0,170.4,107.0,78.0,6.25,235.0,45.0,85.0,198.0,Never,Low,Medium,5.2,8,12,24.5,6.58
P0186,46,Female,84.8,175.3,124.0,85.0,6.89,174.0,50.0,113.0,205.0,Current,High,Medium,5.9,9,3,27.6,7.16
P0187,52,Male,77.1,142.9,137.0,69.0,6.31,131.0,51.0,167.0,130.0,Never,Low,High,6.1,9,3,37.8,6.99
P0188,26,Female,70.8,168.6,138.0,91.0,7.05,187.0,39.0,121.0,113.0,Never,Moderate,Medium,2.2,4,6,24.9,7.24
P0189,66,Male,104.1,162.3,114.0,79.0,6.47,174.0,32.0,152.0,207.0,Former,Low,High,6.0,6,6,39.5,6.98
P0190,69,Female,76.1,174.5,144.0,95.0,5.55,132.0,40.0,136.0,123.0,Never,High,Medium,4.6,9,6,25.0,5.98
P0191,77,Male,63.5,162.5,104.0,82.0,5.63,209.0,52.0,183.0,105.0,Current,High,Low,5.0,3,12,24.0,5.92
P0192,30,Female,97.9,178.0,147.0,85.0,5.52,206.0,51.0,102.0,116.0,Former,Low,Low,8.9,0,3,30.9,6.34
P0193,52,Female,88.0,158.2,110.0,83.0,7.47,234.0,57.0,161.0,123.0,Current,Moderate,High,3.5,2,12,35.2,8.13
P0194,52,Female,97.2,142.7,127.0,78.0,5.88,166.0,51.0,174.0,193.0,Former,Moderate,Medium,7.6,4,3,47.7,6.28
P0195,68,Female,68.3,175.5,146.0,110.0,4.59,152.0,49.0,105.0,176.0,Never,High,Medium,5.4,2,12,22.2,4.68
P0196,68,Female,84.6,156.6,132.0,80.0,6.9,188.0,44.0,150.0,186.0,Former,Low,Low,5.4,10,6,34.5,7.85
P0197,44,Male,48.2,149.2,142.0,95.0,8.01,197.0,59.0,106.0,171.0,Former,Moderate,Low,7.6,6,6,21.7,8.22
P0198,54,Male,81.8,165.2,139.0,74.0,7.27,228.0,41.0,131.0,120.0,Never,Moderate,High,6.7,8,6,30.0,7.57
P0199,35,Male,67.6,162.6,149.0,89.0,5.9,242.0,39.0,124.0,185.0,Never,High,Low,7.1,5,12,25.6,6.29
P0200,79,Female,49.7,173.2,146.0,90.0,4.91,236.0,56.0,70.0,209.0,Current,Moderate,High,7.9,9,3,16.6,5.26
